hotel_name,hotel_rating,review_score,review_text,review_date,month,year,sentiment,trip_type,nationality,helpful_votes,text_length
Inn Halytska,7.9,9.1,"Персонал дуже привітний та допоміг з усіма питаннями. Чудовий вибір страв на сніданок. Зручне розташування, поруч багато кафе та ресторанів.",2025-01-05,January,2025,дуже позитивний,Бізнес,Україна,0,140
Inn Halytska,7.9,8.6,Сучасний ремонт та зручні меблі. Чудове розташування в самому серці Львова! Обслуговування на найвищому рівні! Wi-Fi іноді працював нестабільно.,2024-10-20,October,2024,дуже позитивний,Сім'я,Польща,7,144
Inn Halytska,7.9,7.3,Шведський стіл з великим вибором страв. Сучасний ремонт та зручні меблі. Парковка дорога. Ванна кімната потребує ремонту.,2024-10-20,October,2024,нейтральний,Сім'я,Австрія,2,121
Inn Halytska,7.9,7.6,"Сніданок перевершив всі очікування! Номер був ідеально чистим. Зручне розташування, поруч багато кафе та ресторанів. Працівники готелю завжди готові допомогти. Wi-Fi в номері слабкий. Деякі елементи інтер'єру потребують оновлення.",2025-01-31,January,2025,позитивний,Друзі,Польща,0,230
Inn Halytska,7.9,7.8,Вартість проживання адекватна. Професійний та уважний персонал.,2025-06-03,June,2025,позитивний,Бізнес,Україна,0,63
Inn Halytska,7.9,8.3,"Сніданок перевершив всі очікування! Зручне розташування, поруч багато кафе та ресторанів. Відмінне співвідношення ціни та якості. Персонал дуже привітний та допоміг з усіма питаннями. Складно знайти місце для паркування.",2025-07-02,July,2025,позитивний,Бізнес,Чехія,0,220
Inn Halytska,7.9,8.8,Чудовий вибір страв на сніданок. Обслуговування на найвищому рівні! Вартість проживання адекватна. Сучасний ремонт та зручні меблі. Ванна кімната потребує ремонту.,2024-08-14,August,2024,дуже позитивний,Сім'я,Польща,0,163
Inn Halytska,7.9,7.3,Сніданки смачні та різноманітні. Обслуговування на найвищому рівні! Все основні пам'ятки в пішій доступності. Сучасний ремонт та зручні меблі. Ванна кімната потребує ремонту.,2024-09-05,September,2024,нейтральний,Пара,Україна,6,174
Residence Lion Luxury,8.3,8.7,Працівники готелю завжди готові допомогти. Комфортне ліжко та якісна постільна білизна. Сніданки смачні та різноманітні. Меблі трохи застарілі.,2024-11-19,November,2024,дуже позитивний,Бізнес,Франція,0,143
Residence Lion Luxury,8.3,8.1,Шведський стіл з великим вибором страв. Ідеальне місце для прогулянок історичним центром. Комфортне ліжко та якісна постільна білизна. Wi-Fi іноді працював нестабільно.,2024-08-21,August,2024,позитивний,Бізнес,Україна,0,168
Residence Lion Luxury,8.3,8.6,Номер просторий та чистий. Ціна повністю відповідає якості.,2025-03-30,March,2025,дуже позитивний,Сім'я,Україна,3,59
Residence Lion Luxury,8.3,7.7,Професійний та уважний персонал. Ціна повністю відповідає якості. Чудове розташування в самому серці Львова! Звукоізоляція могла б бути кращою. Парковка платна та не завжди є місця.,2025-02-19,February,2025,позитивний,Сім'я,США,0,181
Residence Lion Luxury,8.3,8.1,Професійний та уважний персонал. Сучасний ремонт та зручні меблі. Вартість проживання адекватна. Трохи шумно вночі через центральне розташування.,2025-01-05,January,2025,позитивний,Пара,Великобританія,0,145
Residence Lion Luxury,8.3,9.0,"Ціна повністю відповідає якості. Зручне розташування, поруч багато кафе та ресторанів. Трохи шумно вночі через центральне розташування.",2024-09-16,September,2024,дуже позитивний,Сім'я,Франція,0,135
Residence Lion Luxury,8.3,8.6,Сніданки смачні та різноманітні. Ціна повністю відповідає якості. Ідеальне місце для прогулянок історичним центром. Працівники готелю завжди готові допомогти. Ванна кімната потребує ремонту.,2024-07-31,July,2024,дуже позитивний,Сім'я,Франція,0,190
Residence Lion Luxury,8.3,8.9,Вартість проживання адекватна. Обслуговування на найвищому рівні!,2025-01-26,January,2025,дуже позитивний,Друзі,Італія,0,65
Plaza Shevchenko Classic,8.1,7.4,Ціна повністю відповідає якості. Обслуговування на найвищому рівні! Комфортне ліжко та якісна постільна білизна. Чудове розташування в самому серці Львова!,2025-05-06,May,2025,нейтральний,Бізнес,Україна,0,155
Plaza Shevchenko Classic,8.1,7.7,Комфортне ліжко та якісна постільна білизна. Працівники готелю завжди готові допомогти. Сніданок перевершив всі очікування! Чудове розташування в самому серці Львова! Деякі елементи інтер'єру потребують оновлення. Складно знайти місце для паркування.,2025-01-29,January,2025,позитивний,Сім'я,Польща,0,250
Plaza Shevchenko Classic,8.1,7.9,Чудовий вибір страв на сніданок. За такі гроші - просто чудово! Wi-Fi іноді працював нестабільно. Звукоізоляція могла б бути кращою.,2025-03-07,March,2025,позитивний,Соло,Німеччина,0,132
Plaza Shevchenko Classic,8.1,7.1,Номер просторий та чистий. Персонал дуже привітний та допоміг з усіма питаннями. За такі гроші - просто чудово! Чудовий вибір страв на сніданок. Інтернет був повільним. Чути було шум з вулиці.,2025-05-09,May,2025,нейтральний,Сім'я,Італія,15,192
Plaza Shevchenko Classic,8.1,7.8,"Сніданки смачні та різноманітні. Зручне розташування, поруч багато кафе та ресторанів. Обслуговування на найвищому рівні!",2024-09-12,September,2024,позитивний,Пара,Італія,0,121
Plaza Shevchenko Classic,8.1,9.2,За такі гроші - просто чудово! Все основні пам'ятки в пішій доступності. Сніданок перевершив всі очікування! Працівники готелю завжди готові допомогти.,2024-09-24,September,2024,дуже позитивний,Соло,Чехія,0,151
Plaza Shevchenko Classic,8.1,8.6,Професійний та уважний персонал. Номер просторий та чистий. Сніданки смачні та різноманітні. Ідеальне місце для прогулянок історичним центром.,2025-05-19,May,2025,дуже позитивний,Бізнес,Німеччина,0,142
Plaza Shevchenko Classic,8.1,6.3,Меблі трохи застарілі. Wi-Fi в номері слабкий.,2025-02-18,February,2025,негативний,Пара,Франція,0,46
Suite Virmenska,8.5,10.0,Персонал дуже привітний та допоміг з усіма питаннями. Ціна повністю відповідає якості. Чудове розташування в самому серці Львова!,2025-03-29,March,2025,дуже позитивний,Сім'я,Україна,0,129
Suite Virmenska,8.5,9.5,Персонал дуже привітний та допоміг з усіма питаннями. Сніданок перевершив всі очікування!,2025-02-01,February,2025,дуже позитивний,Соло,Італія,0,89
Suite Virmenska,8.5,9.1,Відмінне співвідношення ціни та якості. Номер був ідеально чистим. Шведський стіл з великим вибором страв. Персонал дуже привітний та допоміг з усіма питаннями.,2024-07-30,July,2024,дуже позитивний,Друзі,Австрія,0,160
Suite Virmenska,8.5,8.5,Сніданок перевершив всі очікування! Все основні пам'ятки в пішій доступності. Відмінне співвідношення ціни та якості.,2024-11-06,November,2024,дуже позитивний,Соло,Польща,0,117
Suite Virmenska,8.5,8.5,Все основні пам'ятки в пішій доступності. Вартість проживання адекватна. Працівники готелю завжди готові допомогти.,2024-09-05,September,2024,дуже позитивний,Пара,Польща,0,115
Suite Virmenska,8.5,8.8,Все основні пам'ятки в пішій доступності. Відмінне співвідношення ціни та якості. Персонал дуже привітний та допоміг з усіма питаннями.,2024-10-13,October,2024,дуже позитивний,Бізнес,США,11,135
Suite Virmenska,8.5,9.5,Персонал дуже привітний та допоміг з усіма питаннями. Сучасний ремонт та зручні меблі. Вартість проживання адекватна.,2025-06-07,June,2025,дуже позитивний,Сім'я,Чехія,0,117
Suite Virmenska,8.5,7.6,Персонал дуже привітний та допоміг з усіма питаннями. Сніданки смачні та різноманітні. Чудове розташування в самому серці Львова! Вартість проживання адекватна.,2024-08-22,August,2024,позитивний,Пара,Канада,0,160
Inn Halytska Star,8.5,9.1,Відмінне співвідношення ціни та якості. Номер просторий та чистий. Все основні пам'ятки в пішій доступності. Обслуговування на найвищому рівні!,2024-08-25,August,2024,дуже позитивний,Сім'я,Чехія,0,143
Inn Halytska Star,8.5,9.4,Номер просторий та чистий. За такі гроші - просто чудово!,2025-01-26,January,2025,дуже позитивний,Соло,Великобританія,0,57
Inn Halytska Star,8.5,6.3,Складно знайти місце для паркування. Інтернет був повільним.,2024-12-27,December,2024,негативний,Сім'я,Чехія,0,60
Inn Halytska Star,8.5,8.6,Номер просторий та чистий. Шведський стіл з великим вибором страв. Відмінне співвідношення ціни та якості. Чути було шум з вулиці.,2024-08-17,August,2024,дуже позитивний,Друзі,Канада,0,130
Inn Halytska Star,8.5,9.7,Сучасний ремонт та зручні меблі. Працівники готелю завжди готові допомогти. Відмінне співвідношення ціни та якості. Сніданок перевершив всі очікування!,2025-06-14,June,2025,дуже позитивний,Пара,Канада,0,151
Inn Halytska Star,8.5,6.9,Звукоізоляція могла б бути кращою. Парковка платна та не завжди є місця.,2025-06-17,June,2025,нейтральний,Бізнес,США,0,72
Inn Halytska Star,8.5,9.0,Вартість проживання адекватна. Номер був ідеально чистим. Сніданок перевершив всі очікування! Працівники готелю завжди готові допомогти.,2024-10-04,October,2024,дуже позитивний,Пара,Австрія,0,136
Inn Halytska Star,8.5,9.0,Чудовий вибір страв на сніданок. Сучасний ремонт та зручні меблі. Wi-Fi в номері слабкий.,2024-12-31,December,2024,дуже позитивний,Друзі,Франція,0,89
House Cathedral Heritage,9.1,10.0,Ідеальне місце для прогулянок історичним центром. За такі гроші - просто чудово! Обслуговування на найвищому рівні! Шведський стіл з великим вибором страв.,2025-02-21,February,2025,дуже позитивний,Бізнес,Італія,10,155
House Cathedral Heritage,9.1,7.4,Сніданок перевершив всі очікування! Вартість проживання адекватна. Чудове розташування в самому серці Львова! Деякі елементи інтер'єру потребують оновлення. Трохи шумно вночі через центральне розташування.,2025-04-03,April,2025,нейтральний,Сім'я,Канада,0,205
House Cathedral Heritage,9.1,7.5,Все основні пам'ятки в пішій доступності. Сучасний ремонт та зручні меблі. За такі гроші - просто чудово! Чудовий вибір страв на сніданок. Меблі трохи застарілі.,2025-07-13,July,2025,позитивний,Друзі,Франція,18,161
House Cathedral Heritage,9.1,10.0,Сніданки смачні та різноманітні. Номер просторий та чистий. Вартість проживання адекватна.,2025-04-08,April,2025,дуже позитивний,Соло,Україна,0,90
House Cathedral Heritage,9.1,9.3,Чудовий вибір страв на сніданок. Ціна повністю відповідає якості. Комфортне ліжко та якісна постільна білизна.,2025-03-23,March,2025,дуже позитивний,Сім'я,Австрія,12,110
House Cathedral Heritage,9.1,8.0,Професійний та уважний персонал. За такі гроші - просто чудово! Комфортне ліжко та якісна постільна білизна. Складно знайти місце для паркування.,2025-03-16,March,2025,позитивний,Друзі,Італія,20,145
House Cathedral Heritage,9.1,10.0,Комфортне ліжко та якісна постільна білизна. Вартість проживання адекватна.,2024-11-21,November,2024,дуже позитивний,Пара,Великобританія,0,75
House Cathedral Heritage,9.1,8.3,"Комфортне ліжко та якісна постільна білизна. Зручне розташування, поруч багато кафе та ресторанів. Ціна повністю відповідає якості.",2024-09-06,September,2024,позитивний,Сім'я,Великобританія,16,131
Inn Jesuit,7.9,8.1,Шведський стіл з великим вибором страв. Працівники готелю завжди готові допомогти. Вартість проживання адекватна. Чудове розташування в самому серці Львова!,2025-01-22,January,2025,позитивний,Бізнес,Чехія,2,156
Inn Jesuit,7.9,9.0,Номер просторий та чистий. Чудовий вибір страв на сніданок. Інтернет був повільним.,2024-10-02,October,2024,дуже позитивний,Пара,Канада,17,83
Inn Jesuit,7.9,7.1,Сніданки смачні та різноманітні. Відмінне співвідношення ціни та якості. Номер був ідеально чистим. Персонал дуже привітний та допоміг з усіма питаннями.,2025-07-13,July,2025,нейтральний,Соло,Великобританія,20,153
Inn Jesuit,7.9,8.2,Персонал дуже привітний та допоміг з усіма питаннями. Сучасний ремонт та зручні меблі. Шведський стіл з великим вибором страв. За такі гроші - просто чудово!,2024-10-30,October,2024,позитивний,Бізнес,Італія,0,157
Inn Jesuit,7.9,8.1,Обслуговування на найвищому рівні! Комфортне ліжко та якісна постільна білизна. Ціна повністю відповідає якості. Ванна кімната потребує ремонту.,2024-10-05,October,2024,позитивний,Сім'я,Великобританія,15,144
Inn Jesuit,7.9,9.7,"Персонал дуже привітний та допоміг з усіма питаннями. Комфортне ліжко та якісна постільна білизна. Зручне розташування, поруч багато кафе та ресторанів. Відмінне співвідношення ціни та якості.",2025-05-07,May,2025,дуже позитивний,Пара,Австрія,8,192
Inn Jesuit,7.9,8.7,Номер був ідеально чистим. За такі гроші - просто чудово! Чудове розташування в самому серці Львова! Wi-Fi в номері слабкий.,2025-06-06,June,2025,дуже позитивний,Сім'я,Канада,0,124
Inn Jesuit,7.9,8.2,Обслуговування на найвищому рівні! Чудовий вибір страв на сніданок. За такі гроші - просто чудово! Інтернет був повільним.,2025-05-06,May,2025,позитивний,Друзі,США,0,122
Plaza Virmenska Spa,8.5,8.4,Професійний та уважний персонал. Все основні пам'ятки в пішій доступності. Чудовий вибір страв на сніданок. За такі гроші - просто чудово!,2025-03-17,March,2025,позитивний,Друзі,Великобританія,0,138
Plaza Virmenska Spa,8.5,9.4,"Зручне розташування, поруч багато кафе та ресторанів. Сучасний ремонт та зручні меблі.",2024-07-22,July,2024,дуже позитивний,Друзі,Німеччина,0,86
Plaza Virmenska Spa,8.5,9.3,Сніданок перевершив всі очікування! Ідеальне місце для прогулянок історичним центром. Вартість проживання адекватна. Обслуговування на найвищому рівні!,2025-02-09,February,2025,дуже позитивний,Сім'я,Чехія,0,151
Plaza Virmenska Spa,8.5,9.0,Вартість проживання адекватна. Шведський стіл з великим вибором страв.,2024-12-29,December,2024,дуже позитивний,Бізнес,Німеччина,20,70
Plaza Virmenska Spa,8.5,9.0,Персонал дуже привітний та допоміг з усіма питаннями. Ціна повністю відповідає якості. Трохи шумно вночі через центральне розташування.,2024-09-12,September,2024,дуже позитивний,Соло,Австрія,16,135
Plaza Virmenska Spa,8.5,7.9,Ідеальне місце для прогулянок історичним центром. Шведський стіл з великим вибором страв.,2025-06-24,June,2025,позитивний,Пара,Чехія,13,89
Plaza Virmenska Spa,8.5,7.8,Чудове розташування в самому серці Львова! Комфортне ліжко та якісна постільна білизна. Сніданок перевершив всі очікування! Обслуговування на найвищому рівні! Wi-Fi в номері слабкий. Звукоізоляція могла б бути кращою.,2024-11-16,November,2024,позитивний,Пара,Великобританія,4,217
Plaza Virmenska Spa,8.5,6.9,Wi-Fi в номері слабкий. Трохи шумно вночі через центральне розташування.,2024-11-15,November,2024,нейтральний,Соло,США,0,72
Palace Jesuit,8.1,7.5,Персонал дуже привітний та допоміг з усіма питаннями. Ідеальне місце для прогулянок історичним центром. Сучасний ремонт та зручні меблі.,2025-02-10,February,2025,позитивний,Соло,Італія,0,136
Palace Jesuit,8.1,7.5,Комфортне ліжко та якісна постільна білизна. Чудове розташування в самому серці Львова! Сніданки смачні та різноманітні. Звукоізоляція могла б бути кращою. Парковка платна та не завжди є місця.,2024-10-27,October,2024,нейтральний,Соло,Чехія,0,193
Palace Jesuit,8.1,8.3,Професійний та уважний персонал. Вартість проживання адекватна. Все основні пам'ятки в пішій доступності. Сучасний ремонт та зручні меблі. Чути було шум з вулиці.,2025-01-18,January,2025,позитивний,Пара,Австрія,0,162
Palace Jesuit,8.1,5.5,,2025-02-25,February,2025,негативний,Бізнес,Україна,0,0
Palace Jesuit,8.1,8.5,Все основні пам'ятки в пішій доступності. Працівники готелю завжди готові допомогти.,2025-05-23,May,2025,позитивний,Соло,Польща,0,84
Palace Jesuit,8.1,9.4,Професійний та уважний персонал. Вартість проживання адекватна.,2024-08-16,August,2024,дуже позитивний,Бізнес,Чехія,0,63
Palace Jesuit,8.1,7.3,Чудове розташування в самому серці Львова! Чудовий вибір страв на сніданок. Номер був ідеально чистим. Wi-Fi в номері слабкий. Парковка дорога.,2025-03-24,March,2025,нейтральний,Пара,Канада,4,143
Palace Jesuit,8.1,8.3,Сучасний ремонт та зручні меблі. Персонал дуже привітний та допоміг з усіма питаннями. Чудове розташування в самому серці Львова! Сніданки смачні та різноманітні. Чути було шум з вулиці.,2025-05-06,May,2025,позитивний,Друзі,Польща,0,186
Hotel Halytska Modern,9.6,9.3,Комфортне ліжко та якісна постільна білизна. Обслуговування на найвищому рівні! Чудове розташування в самому серці Львова! Ціна повністю відповідає якості.,2024-09-18,September,2024,дуже позитивний,Сім'я,Канада,0,155
Hotel Halytska Modern,9.6,10.0,Ідеальне місце для прогулянок історичним центром. Сніданок перевершив всі очікування!,2024-12-05,December,2024,дуже позитивний,Бізнес,США,5,85
Hotel Halytska Modern,9.6,9.6,За такі гроші - просто чудово! Комфортне ліжко та якісна постільна білизна.,2025-04-11,April,2025,дуже позитивний,Сім'я,США,0,75
Hotel Halytska Modern,9.6,9.2,Все основні пам'ятки в пішій доступності. Працівники готелю завжди готові допомогти.,2024-08-09,August,2024,дуже позитивний,Друзі,Канада,0,84
Hotel Halytska Modern,9.6,9.8,Сніданки смачні та різноманітні. Номер просторий та чистий. Обслуговування на найвищому рівні! Відмінне співвідношення ціни та якості.,2025-02-05,February,2025,дуже позитивний,Друзі,Італія,0,134
Hotel Halytska Modern,9.6,7.9,Відмінне співвідношення ціни та якості. Професійний та уважний персонал. Шведський стіл з великим вибором страв. Номер просторий та чистий. Чути було шум з вулиці.,2025-03-23,March,2025,позитивний,Сім'я,США,0,163
Hotel Halytska Modern,9.6,8.8,"Зручне розташування, поруч багато кафе та ресторанів. Вартість проживання адекватна. Сніданок перевершив всі очікування! Сучасний ремонт та зручні меблі.",2025-03-24,March,2025,дуже позитивний,Сім'я,США,0,153
Hotel Halytska Modern,9.6,9.7,Персонал дуже привітний та допоміг з усіма питаннями. Ціна повністю відповідає якості. Ідеальне місце для прогулянок історичним центром. Сніданок перевершив всі очікування!,2024-09-06,September,2024,дуже позитивний,Друзі,Чехія,0,172
Residence Opera,8.9,8.5,Шведський стіл з великим вибором страв. Номер просторий та чистий. Ідеальне місце для прогулянок історичним центром. За такі гроші - просто чудово! Парковка дорога.,2024-11-10,November,2024,позитивний,Сім'я,Німеччина,0,164
Residence Opera,8.9,9.2,Вартість проживання адекватна. Чудовий вибір страв на сніданок. Комфортне ліжко та якісна постільна білизна.,2024-10-14,October,2024,дуже позитивний,Сім'я,Італія,0,108
Residence Opera,8.9,9.1,Професійний та уважний персонал. Шведський стіл з великим вибором страв. Номер був ідеально чистим.,2024-08-04,August,2024,дуже позитивний,Друзі,Україна,0,99
Residence Opera,8.9,9.9,Відмінне співвідношення ціни та якості. Обслуговування на найвищому рівні!,2024-08-04,August,2024,дуже позитивний,Друзі,США,0,74
Residence Opera,8.9,9.5,Персонал дуже привітний та допоміг з усіма питаннями. Шведський стіл з великим вибором страв.,2024-08-30,August,2024,дуже позитивний,Пара,Великобританія,0,93
Residence Opera,8.9,9.8,Все основні пам'ятки в пішій доступності. Вартість проживання адекватна. Обслуговування на найвищому рівні!,2025-05-24,May,2025,дуже позитивний,Бізнес,Німеччина,0,107
Residence Opera,8.9,8.5,Номер був ідеально чистим. Ідеальне місце для прогулянок історичним центром. Сніданок перевершив всі очікування! Обслуговування на найвищому рівні! Деякі елементи інтер'єру потребують оновлення.,2025-03-08,March,2025,дуже позитивний,Сім'я,Німеччина,0,194
Residence Opera,8.9,8.7,"Зручне розташування, поруч багато кафе та ресторанів. Номер просторий та чистий. Персонал дуже привітний та допоміг з усіма питаннями. Шведський стіл з великим вибором страв. Парковка платна та не завжди є місця.",2024-09-06,September,2024,дуже позитивний,Пара,Україна,0,212
Hotel Virmenska View,7.7,8.2,Номер просторий та чистий. За такі гроші - просто чудово! Чудовий вибір страв на сніданок. Меблі трохи застарілі.,2024-11-06,November,2024,позитивний,Сім'я,Італія,0,113
Hotel Virmenska View,7.7,7.5,"Сучасний ремонт та зручні меблі. Сніданок перевершив всі очікування! Зручне розташування, поруч багато кафе та ресторанів. Ціна повністю відповідає якості. Ванна кімната потребує ремонту. Інтернет був повільним.",2025-04-11,April,2025,нейтральний,Друзі,Чехія,17,211
Hotel Virmenska View,7.7,8.3,Чудовий вибір страв на сніданок. Ідеальне місце для прогулянок історичним центром. Номер просторий та чистий. Працівники готелю завжди готові допомогти.,2024-12-26,December,2024,позитивний,Бізнес,Великобританія,0,152
Hotel Virmenska View,7.7,8.3,Професійний та уважний персонал. Номер просторий та чистий.,2025-02-06,February,2025,позитивний,Бізнес,США,0,59
Hotel Virmenska View,7.7,8.0,Сніданок перевершив всі очікування! Номер був ідеально чистим. Деякі елементи інтер'єру потребують оновлення.,2024-08-21,August,2024,позитивний,Друзі,Чехія,0,109
Hotel Virmenska View,7.7,8.7,Номер був ідеально чистим. Чудове розташування в самому серці Львова! Ціна повністю відповідає якості. Меблі трохи застарілі.,2024-12-22,December,2024,дуже позитивний,Друзі,Італія,0,125
Hotel Virmenska View,7.7,7.7,Шведський стіл з великим вибором страв. Все основні пам'ятки в пішій доступності. Персонал дуже привітний та допоміг з усіма питаннями. Складно знайти місце для паркування. Деякі елементи інтер'єру потребують оновлення.,2024-07-29,July,2024,позитивний,Соло,США,6,219
Hotel Virmenska View,7.7,7.5,Ідеальне місце для прогулянок історичним центром. Ціна повністю відповідає якості. Персонал дуже привітний та допоміг з усіма питаннями. Комфортне ліжко та якісна постільна білизна.,2025-04-06,April,2025,нейтральний,Бізнес,Польща,17,181
Plaza Shevchenko,9.4,8.7,Персонал дуже привітний та допоміг з усіма питаннями. Ідеальне місце для прогулянок історичним центром. Сніданки смачні та різноманітні. Wi-Fi в номері слабкий.,2024-07-30,July,2024,дуже позитивний,Бізнес,Італія,0,160
Plaza Shevchenko,9.4,8.6,Сніданок перевершив всі очікування! Чудове розташування в самому серці Львова! Звукоізоляція могла б бути кращою.,2024-07-25,July,2024,дуже позитивний,Сім'я,Польща,10,113
Plaza Shevchenko,9.4,9.1,Сніданок перевершив всі очікування! Ідеальне місце для прогулянок історичним центром. Вартість проживання адекватна.,2024-11-30,November,2024,дуже позитивний,Сім'я,Польща,0,116
Plaza Shevchenko,9.4,9.4,"Обслуговування на найвищому рівні! Сніданки смачні та різноманітні. За такі гроші - просто чудово! Зручне розташування, поруч багато кафе та ресторанів.",2025-02-13,February,2025,дуже позитивний,Друзі,Австрія,11,152
Plaza Shevchenko,9.4,9.3,Сніданок перевершив всі очікування! Працівники готелю завжди готові допомогти.,2025-05-24,May,2025,дуже позитивний,Друзі,США,0,78
Plaza Shevchenko,9.4,8.2,Все основні пам'ятки в пішій доступності. Чудовий вибір страв на сніданок. Комфортне ліжко та якісна постільна білизна.,2024-08-01,August,2024,позитивний,Сім'я,Чехія,2,119
Plaza Shevchenko,9.4,8.2,Вартість проживання адекватна. Професійний та уважний персонал. Ідеальне місце для прогулянок історичним центром. Номер був ідеально чистим. Wi-Fi в номері слабкий.,2025-04-11,April,2025,позитивний,Соло,Франція,15,164
Plaza Shevchenko,9.4,8.7,Номер був ідеально чистим. Чудове розташування в самому серці Львова! Персонал дуже привітний та допоміг з усіма питаннями. Ванна кімната потребує ремонту.,2025-03-05,March,2025,дуже позитивний,Друзі,Великобританія,0,155
Suite Shevchenko View,8.0,7.9,"Чудовий вибір страв на сніданок. Зручне розташування, поруч багато кафе та ресторанів. Сучасний ремонт та зручні меблі. Відмінне співвідношення ціни та якості. Ванна кімната потребує ремонту.",2025-02-23,February,2025,позитивний,Сім'я,Франція,0,191
Suite Shevchenko View,8.0,8.1,Професійний та уважний персонал. Сучасний ремонт та зручні меблі. Все основні пам'ятки в пішій доступності. Шведський стіл з великим вибором страв. Звукоізоляція могла б бути кращою.,2025-01-08,January,2025,позитивний,Друзі,Польща,0,182
Suite Shevchenko View,8.0,7.2,Комфортне ліжко та якісна постільна білизна. Сніданок перевершив всі очікування! Чудове розташування в самому серці Львова! Інтернет був повільним. Деякі елементи інтер'єру потребують оновлення.,2024-07-23,July,2024,нейтральний,Соло,Великобританія,0,194
Suite Shevchenko View,8.0,6.5,Складно знайти місце для паркування.,2025-05-21,May,2025,негативний,Пара,Україна,0,36
Suite Shevchenko View,8.0,9.1,Сніданки смачні та різноманітні. Номер був ідеально чистим. Вартість проживання адекватна.,2024-09-08,September,2024,дуже позитивний,Друзі,Німеччина,5,90
Suite Shevchenko View,8.0,7.6,Сучасний ремонт та зручні меблі. Чудове розташування в самому серці Львова! Шведський стіл з великим вибором страв.,2024-08-07,August,2024,позитивний,Друзі,Австрія,12,115
Suite Shevchenko View,8.0,8.6,"Працівники готелю завжди готові допомогти. Зручне розташування, поруч багато кафе та ресторанів. Номер просторий та чистий.",2025-07-05,July,2025,дуже позитивний,Пара,Канада,0,123
Suite Shevchenko View,8.0,6.8,Складно знайти місце для паркування.,2024-09-16,September,2024,нейтральний,Друзі,Німеччина,1,36
Grand Virmenska,7.8,7.6,Чудовий вибір страв на сніданок. Ідеальне місце для прогулянок історичним центром. Персонал дуже привітний та допоміг з усіма питаннями.,2024-11-27,November,2024,позитивний,Бізнес,Італія,0,136
Grand Virmenska,7.8,7.4,Обслуговування на найвищому рівні! Відмінне співвідношення ціни та якості. Шведський стіл з великим вибором страв. Сучасний ремонт та зручні меблі.,2025-03-17,March,2025,нейтральний,Сім'я,США,0,147
Grand Virmenska,7.8,7.9,Вартість проживання адекватна. Шведський стіл з великим вибором страв. Ванна кімната потребує ремонту. Звукоізоляція могла б бути кращою.,2025-01-21,January,2025,позитивний,Бізнес,Україна,0,137
Grand Virmenska,7.8,8.3,Чудовий вибір страв на сніданок. Чудове розташування в самому серці Львова! Працівники готелю завжди готові допомогти. Wi-Fi іноді працював нестабільно.,2024-09-13,September,2024,позитивний,Сім'я,Чехія,0,152
Grand Virmenska,7.8,7.8,"Працівники готелю завжди готові допомогти. Зручне розташування, поруч багато кафе та ресторанів.",2025-03-24,March,2025,позитивний,Пара,Канада,0,96
Grand Virmenska,7.8,7.7,Все основні пам'ятки в пішій доступності. За такі гроші - просто чудово! Працівники готелю завжди готові допомогти.,2024-11-14,November,2024,позитивний,Друзі,Німеччина,0,115
Grand Virmenska,7.8,6.6,Wi-Fi в номері слабкий.,2025-02-23,February,2025,нейтральний,Соло,Польща,0,23
Grand Virmenska,7.8,9.4,Обслуговування на найвищому рівні! За такі гроші - просто чудово! Номер просторий та чистий. Чудовий вибір страв на сніданок.,2025-05-30,May,2025,дуже позитивний,Пара,Австрія,0,125
Palace Opera,9.0,8.1,Працівники готелю завжди готові допомогти. Відмінне співвідношення ціни та якості. Все основні пам'ятки в пішій доступності. Сучасний ремонт та зручні меблі. Звукоізоляція могла б бути кращою.,2025-06-30,June,2025,позитивний,Пара,Великобританія,2,192
Palace Opera,9.0,8.7,Комфортне ліжко та якісна постільна білизна. За такі гроші - просто чудово! Інтернет був повільним.,2024-07-27,July,2024,дуже позитивний,Друзі,Україна,0,99
Palace Opera,9.0,9.1,Чудовий вибір страв на сніданок. Вартість проживання адекватна. Номер просторий та чистий.,2024-10-31,October,2024,дуже позитивний,Бізнес,Чехія,4,90
Palace Opera,9.0,8.5,Чудовий вибір страв на сніданок. Номер просторий та чистий. Працівники готелю завжди готові допомогти. Все основні пам'ятки в пішій доступності.,2024-08-18,August,2024,позитивний,Соло,Франція,5,144
Palace Opera,9.0,9.9,Шведський стіл з великим вибором страв. Номер був ідеально чистим.,2025-04-07,April,2025,дуже позитивний,Друзі,Чехія,0,66
Palace Opera,9.0,8.4,Професійний та уважний персонал. Відмінне співвідношення ціни та якості.,2025-01-25,January,2025,позитивний,Друзі,Польща,0,72
Palace Opera,9.0,9.3,Професійний та уважний персонал. Відмінне співвідношення ціни та якості. Все основні пам'ятки в пішій доступності.,2025-04-19,April,2025,дуже позитивний,Пара,Польща,0,114
Palace Opera,9.0,7.4,Сніданок перевершив всі очікування! Відмінне співвідношення ціни та якості. Парковка дорога. Інтернет був повільним.,2025-03-25,March,2025,нейтральний,Бізнес,Канада,0,116
Inn Carpathian,7.7,6.6,Парковка платна та не завжди є місця.,2024-08-18,August,2024,нейтральний,Друзі,Італія,0,37
Inn Carpathian,7.7,7.5,"Працівники готелю завжди готові допомогти. Зручне розташування, поруч багато кафе та ресторанів. Wi-Fi іноді працював нестабільно. Ванна кімната потребує ремонту.",2024-07-22,July,2024,нейтральний,Сім'я,Великобританія,0,162
Inn Carpathian,7.7,9.0,Ідеальне місце для прогулянок історичним центром. Шведський стіл з великим вибором страв. Парковка дорога.,2024-10-15,October,2024,дуже позитивний,Бізнес,Австрія,0,106
Inn Carpathian,7.7,7.2,Сніданки смачні та різноманітні. За такі гроші - просто чудово! Чути було шум з вулиці. Парковка дорога.,2024-08-01,August,2024,нейтральний,Бізнес,Польща,3,104
Inn Carpathian,7.7,8.3,"Шведський стіл з великим вибором страв. Зручне розташування, поруч багато кафе та ресторанів.",2024-09-24,September,2024,позитивний,Бізнес,Франція,0,93
Inn Carpathian,7.7,8.0,Працівники готелю завжди готові допомогти. Ціна повністю відповідає якості.,2024-12-14,December,2024,позитивний,Соло,Великобританія,0,75
Inn Carpathian,7.7,7.5,Відмінне співвідношення ціни та якості. Все основні пам'ятки в пішій доступності. Персонал дуже привітний та допоміг з усіма питаннями. Сучасний ремонт та зручні меблі.,2025-01-17,January,2025,позитивний,Бізнес,Україна,11,168
Inn Carpathian,7.7,8.7,Відмінне співвідношення ціни та якості. Персонал дуже привітний та допоміг з усіма питаннями. Сніданок перевершив всі очікування! Звукоізоляція могла б бути кращою.,2025-04-28,April,2025,дуже позитивний,Сім'я,США,0,164
Grand Jesuit,8.2,7.4,Шведський стіл з великим вибором страв. Ціна повністю відповідає якості. Все основні пам'ятки в пішій доступності. Номер просторий та чистий. Складно знайти місце для паркування. Ванна кімната потребує ремонту.,2025-01-23,January,2025,нейтральний,Друзі,Великобританія,13,210
Grand Jesuit,8.2,8.5,Чудове розташування в самому серці Львова! Чудовий вибір страв на сніданок.,2024-08-12,August,2024,позитивний,Друзі,Канада,0,75
Grand Jesuit,8.2,9.3,Номер просторий та чистий. Ідеальне місце для прогулянок історичним центром. Обслуговування на найвищому рівні! За такі гроші - просто чудово!,2025-01-23,January,2025,дуже позитивний,Пара,Італія,0,142
Grand Jesuit,8.2,8.6,Чудове розташування в самому серці Львова! Сніданок перевершив всі очікування! Працівники готелю завжди готові допомогти. Звукоізоляція могла б бути кращою.,2024-09-07,September,2024,дуже позитивний,Друзі,Франція,0,156
Grand Jesuit,8.2,9.4,Сніданки смачні та різноманітні. Ціна повністю відповідає якості. Номер просторий та чистий. Професійний та уважний персонал.,2025-01-18,January,2025,дуже позитивний,Сім'я,Австрія,0,125
Grand Jesuit,8.2,7.8,Сучасний ремонт та зручні меблі. Чудове розташування в самому серці Львова! Обслуговування на найвищому рівні! Шведський стіл з великим вибором страв.,2025-05-16,May,2025,позитивний,Сім'я,Україна,0,150
Grand Jesuit,8.2,8.0,Вартість проживання адекватна. Обслуговування на найвищому рівні! Все основні пам'ятки в пішій доступності. Чудовий вибір страв на сніданок. Звукоізоляція могла б бути кращою. Парковка дорога.,2024-12-24,December,2024,позитивний,Друзі,Італія,0,192
Grand Jesuit,8.2,8.8,Сучасний ремонт та зручні меблі. Шведський стіл з великим вибором страв. Все основні пам'ятки в пішій доступності.,2024-11-04,November,2024,дуже позитивний,Друзі,Польща,0,114
Grand Carpathian Luxury,9.2,8.7,За такі гроші - просто чудово! Шведський стіл з великим вибором страв. Обслуговування на найвищому рівні!,2025-04-23,April,2025,дуже позитивний,Бізнес,Австрія,16,105
Grand Carpathian Luxury,9.2,10.0,"Зручне розташування, поруч багато кафе та ресторанів. Номер просторий та чистий. Обслуговування на найвищому рівні! Сніданок перевершив всі очікування!",2025-01-22,January,2025,дуже позитивний,Друзі,Чехія,0,151
Grand Carpathian Luxury,9.2,8.8,Професійний та уважний персонал. Вартість проживання адекватна.,2025-03-28,March,2025,дуже позитивний,Бізнес,Німеччина,0,63
Grand Carpathian Luxury,9.2,10.0,"Чудовий вибір страв на сніданок. Вартість проживання адекватна. Зручне розташування, поруч багато кафе та ресторанів.",2024-08-18,August,2024,дуже позитивний,Пара,Чехія,0,117
Grand Carpathian Luxury,9.2,10.0,Обслуговування на найвищому рівні! Ідеальне місце для прогулянок історичним центром. Номер був ідеально чистим.,2024-12-07,December,2024,дуже позитивний,Бізнес,США,0,111
Grand Carpathian Luxury,9.2,10.0,Відмінне співвідношення ціни та якості. Персонал дуже привітний та допоміг з усіма питаннями. Чудове розташування в самому серці Львова! Номер просторий та чистий.,2025-06-23,June,2025,дуже позитивний,Друзі,Україна,3,163
Grand Carpathian Luxury,9.2,9.5,Відмінне співвідношення ціни та якості. Сніданки смачні та різноманітні.,2024-12-15,December,2024,дуже позитивний,Соло,Італія,19,72
Grand Carpathian Luxury,9.2,9.4,Номер був ідеально чистим. Ціна повністю відповідає якості. Все основні пам'ятки в пішій доступності. Сніданки смачні та різноманітні.,2025-05-10,May,2025,дуже позитивний,Пара,Франція,6,134
Hotel Lion City,8.7,9.0,Ідеальне місце для прогулянок історичним центром. Відмінне співвідношення ціни та якості. Професійний та уважний персонал.,2024-12-20,December,2024,дуже позитивний,Друзі,Австрія,0,122
Hotel Lion City,8.7,7.7,Вартість проживання адекватна. Сучасний ремонт та зручні меблі. Все основні пам'ятки в пішій доступності. Шведський стіл з великим вибором страв. Wi-Fi іноді працював нестабільно. Звукоізоляція могла б бути кращою.,2025-07-11,July,2025,позитивний,Бізнес,Німеччина,0,214
Hotel Lion City,8.7,7.6,Комфортне ліжко та якісна постільна білизна. Персонал дуже привітний та допоміг з усіма питаннями. Wi-Fi іноді працював нестабільно. Деякі елементи інтер'єру потребують оновлення.,2024-10-29,October,2024,позитивний,Друзі,Чехія,0,179
Hotel Lion City,8.7,10.0,Шведський стіл з великим вибором страв. За такі гроші - просто чудово!,2025-02-21,February,2025,дуже позитивний,Бізнес,Україна,0,70
Hotel Lion City,8.7,9.3,"Працівники готелю завжди готові допомогти. Сучасний ремонт та зручні меблі. Зручне розташування, поруч багато кафе та ресторанів. Чудовий вибір страв на сніданок.",2025-06-17,June,2025,дуже позитивний,Пара,Чехія,1,162
Hotel Lion City,8.7,8.9,За такі гроші - просто чудово! Персонал дуже привітний та допоміг з усіма питаннями. Комфортне ліжко та якісна постільна білизна. Сніданок перевершив всі очікування! Деякі елементи інтер'єру потребують оновлення.,2025-06-19,June,2025,дуже позитивний,Пара,США,0,212
Hotel Lion City,8.7,9.5,Номер був ідеально чистим. Працівники готелю завжди готові допомогти. Сніданки смачні та різноманітні. Все основні пам'ятки в пішій доступності.,2024-09-27,September,2024,дуже позитивний,Друзі,США,1,144
Hotel Lion City,8.7,8.7,Ідеальне місце для прогулянок історичним центром. Шведський стіл з великим вибором страв.,2024-12-15,December,2024,дуже позитивний,Пара,Канада,0,89
House Galicia,8.8,8.5,Чудовий вибір страв на сніданок. Професійний та уважний персонал. Ціна повністю відповідає якості. Ідеальне місце для прогулянок історичним центром.,2025-04-26,April,2025,дуже позитивний,Соло,Чехія,0,148
House Galicia,8.8,9.3,"Сучасний ремонт та зручні меблі. Персонал дуже привітний та допоміг з усіма питаннями. Зручне розташування, поруч багато кафе та ресторанів. Вартість проживання адекватна.",2025-03-08,March,2025,дуже позитивний,Пара,Чехія,0,171
House Galicia,8.8,8.5,Персонал дуже привітний та допоміг з усіма питаннями. Номер був ідеально чистим. Все основні пам'ятки в пішій доступності. Ціна повністю відповідає якості. Деякі елементи інтер'єру потребують оновлення.,2024-12-25,December,2024,позитивний,Бізнес,Франція,0,202
House Galicia,8.8,9.1,Персонал дуже привітний та допоміг з усіма питаннями. Номер просторий та чистий. Все основні пам'ятки в пішій доступності. Шведський стіл з великим вибором страв.,2025-01-26,January,2025,дуже позитивний,Бізнес,Канада,0,162
House Galicia,8.8,7.0,Комфортне ліжко та якісна постільна білизна. Ціна повністю відповідає якості. Чудове розташування в самому серці Львова! Wi-Fi в номері слабкий. Парковка дорога.,2025-02-23,February,2025,нейтральний,Бізнес,Франція,0,161
House Galicia,8.8,8.2,Відмінне співвідношення ціни та якості. Все основні пам'ятки в пішій доступності. Професійний та уважний персонал.,2025-06-19,June,2025,позитивний,Бізнес,Польща,0,114
House Galicia,8.8,8.6,Чудовий вибір страв на сніданок. Вартість проживання адекватна.,2025-01-21,January,2025,дуже позитивний,Соло,Австрія,0,63
House Galicia,8.8,7.8,Шведський стіл з великим вибором страв. Номер був ідеально чистим. Чудове розташування в самому серці Львова! Меблі трохи застарілі.,2025-01-08,January,2025,позитивний,Соло,Польща,2,132
Plaza Lviv Heritage,7.6,7.0,,2025-03-10,March,2025,нейтральний,Сім'я,Канада,0,0
Plaza Lviv Heritage,7.6,7.2,Ціна повністю відповідає якості. Чудове розташування в самому серці Львова! Номер просторий та чистий. Професійний та уважний персонал. Парковка платна та не завжди є місця.,2025-05-11,May,2025,нейтральний,Друзі,США,17,173
Plaza Lviv Heritage,7.6,8.4,Номер просторий та чистий. Сніданок перевершив всі очікування! Працівники готелю завжди готові допомогти.,2025-04-12,April,2025,позитивний,Соло,Чехія,0,105
Plaza Lviv Heritage,7.6,7.6,За такі гроші - просто чудово! Працівники готелю завжди готові допомогти.,2025-05-21,May,2025,позитивний,Сім'я,Франція,0,73
Plaza Lviv Heritage,7.6,8.3,Чудове розташування в самому серці Львова! Відмінне співвідношення ціни та якості. Шведський стіл з великим вибором страв. Парковка дорога.,2025-05-01,May,2025,позитивний,Бізнес,Польща,0,139
Plaza Lviv Heritage,7.6,7.1,"Професійний та уважний персонал. Вартість проживання адекватна. Сучасний ремонт та зручні меблі. Зручне розташування, поруч багато кафе та ресторанів.",2025-03-04,March,2025,нейтральний,Друзі,Франція,3,150
Plaza Lviv Heritage,7.6,6.7,Трохи шумно вночі через центральне розташування.,2025-02-23,February,2025,нейтральний,Соло,Канада,0,48
Plaza Lviv Heritage,7.6,6.4,Wi-Fi в номері слабкий.,2025-06-03,June,2025,негативний,Друзі,Німеччина,0,23
Suite Cathedral Classic,7.7,7.1,Ціна повністю відповідає якості. Професійний та уважний персонал. Сучасний ремонт та зручні меблі. Сніданок перевершив всі очікування!,2024-10-01,October,2024,нейтральний,Сім'я,Польща,11,134
Suite Cathedral Classic,7.7,7.1,Працівники готелю завжди готові допомогти. Ідеальне місце для прогулянок історичним центром. За такі гроші - просто чудово!,2025-03-26,March,2025,нейтральний,Бізнес,Чехія,0,123
Suite Cathedral Classic,7.7,7.3,"За такі гроші - просто чудово! Шведський стіл з великим вибором страв. Зручне розташування, поруч багато кафе та ресторанів.",2025-04-04,April,2025,нейтральний,Сім'я,Австрія,0,124
Suite Cathedral Classic,7.7,8.2,Ціна повністю відповідає якості. Обслуговування на найвищому рівні! Меблі трохи застарілі.,2024-11-18,November,2024,позитивний,Сім'я,Німеччина,0,90
Suite Cathedral Classic,7.7,9.1,"За такі гроші - просто чудово! Зручне розташування, поруч багато кафе та ресторанів.",2024-12-16,December,2024,дуже позитивний,Друзі,Франція,0,84
Suite Cathedral Classic,7.7,6.5,,2024-09-25,September,2024,негативний,Соло,Великобританія,0,0
Suite Cathedral Classic,7.7,7.0,"Зручне розташування, поруч багато кафе та ресторанів. Працівники готелю завжди готові допомогти. Wi-Fi в номері слабкий.",2025-05-24,May,2025,нейтральний,Соло,Італія,0,120
Suite Cathedral Classic,7.7,7.3,Ідеальне місце для прогулянок історичним центром. Чудовий вибір страв на сніданок. Відмінне співвідношення ціни та якості. Сучасний ремонт та зручні меблі. Трохи шумно вночі через центральне розташування. Парковка дорога.,2025-07-06,July,2025,нейтральний,Бізнес,Італія,13,221
Lodge Svoboda Comfort,8.6,6.9,,2025-04-24,April,2025,нейтральний,Пара,Україна,0,0
Lodge Svoboda Comfort,8.6,8.8,"Зручне розташування, поруч багато кафе та ресторанів. Обслуговування на найвищому рівні! Шведський стіл з великим вибором страв.",2025-01-15,January,2025,дуже позитивний,Сім'я,Великобританія,0,128
Lodge Svoboda Comfort,8.6,9.2,Обслуговування на найвищому рівні! За такі гроші - просто чудово!,2025-05-17,May,2025,дуже позитивний,Пара,Франція,15,65
Lodge Svoboda Comfort,8.6,8.9,"Обслуговування на найвищому рівні! Сучасний ремонт та зручні меблі. Чудовий вибір страв на сніданок. Зручне розташування, поруч багато кафе та ресторанів.",2025-03-09,March,2025,дуже позитивний,Сім'я,Великобританія,0,154
Lodge Svoboda Comfort,8.6,9.5,Номер був ідеально чистим. За такі гроші - просто чудово!,2024-09-21,September,2024,дуже позитивний,Пара,Канада,9,57
Lodge Svoboda Comfort,8.6,9.3,Шведський стіл з великим вибором страв. За такі гроші - просто чудово!,2025-05-27,May,2025,дуже позитивний,Сім'я,Франція,0,70
Lodge Svoboda Comfort,8.6,8.8,Вартість проживання адекватна. Ідеальне місце для прогулянок історичним центром. Чудовий вибір страв на сніданок. Обслуговування на найвищому рівні! Чути було шум з вулиці.,2024-11-19,November,2024,дуже позитивний,Бізнес,Польща,0,172
Lodge Svoboda Comfort,8.6,9.8,Сніданки смачні та різноманітні. Номер був ідеально чистим. Персонал дуже привітний та допоміг з усіма питаннями.,2025-06-18,June,2025,дуже позитивний,Сім'я,США,0,113
Grand Lion,8.8,10.0,Номер був ідеально чистим. За такі гроші - просто чудово! Сніданок перевершив всі очікування!,2025-02-21,February,2025,дуже позитивний,Пара,Італія,0,93
Grand Lion,8.8,9.4,"Ціна повністю відповідає якості. Зручне розташування, поруч багато кафе та ресторанів. Сніданок перевершив всі очікування!",2024-12-09,December,2024,дуже позитивний,Бізнес,США,0,122
Grand Lion,8.8,7.9,Працівники готелю завжди готові допомогти. Чудове розташування в самому серці Львова! Ціна повністю відповідає якості. Сучасний ремонт та зручні меблі. Парковка дорога. Меблі трохи застарілі.,2025-07-19,July,2025,позитивний,Соло,Великобританія,0,191
Grand Lion,8.8,8.2,Обслуговування на найвищому рівні! Номер був ідеально чистим. Інтернет був повільним.,2025-03-31,March,2025,позитивний,Друзі,Канада,4,85
Grand Lion,8.8,8.5,Персонал дуже привітний та допоміг з усіма питаннями. Чудове розташування в самому серці Львова!,2025-05-24,May,2025,дуже позитивний,Соло,Франція,0,96
Grand Lion,8.8,8.2,Ціна повністю відповідає якості. Професійний та уважний персонал. Інтернет був повільним.,2024-09-09,September,2024,позитивний,Бізнес,Польща,0,89
Grand Lion,8.8,8.2,Ціна повністю відповідає якості. Обслуговування на найвищому рівні! Все основні пам'ятки в пішій доступності. Трохи шумно вночі через центральне розташування.,2025-04-07,April,2025,позитивний,Пара,Чехія,0,158
Grand Lion,8.8,10.0,Сучасний ремонт та зручні меблі. Персонал дуже привітний та допоміг з усіма питаннями. Ідеальне місце для прогулянок історичним центром.,2024-08-16,August,2024,дуже позитивний,Пара,Україна,0,136
Hotel Dominican Luxury,8.0,7.9,Номер був ідеально чистим. Чудове розташування в самому серці Львова! Інтернет був повільним.,2025-06-09,June,2025,позитивний,Сім'я,Франція,0,93
Hotel Dominican Luxury,8.0,7.0,Комфортне ліжко та якісна постільна білизна. Відмінне співвідношення ціни та якості. Працівники готелю завжди готові допомогти. Меблі трохи застарілі.,2024-12-17,December,2024,нейтральний,Бізнес,Німеччина,8,150
Hotel Dominican Luxury,8.0,9.1,Комфортне ліжко та якісна постільна білизна. Вартість проживання адекватна.,2025-07-03,July,2025,дуже позитивний,Соло,США,18,75
Hotel Dominican Luxury,8.0,7.4,Комфортне ліжко та якісна постільна білизна. Чудове розташування в самому серці Львова! Звукоізоляція могла б бути кращою.,2025-02-23,February,2025,нейтральний,Сім'я,Австрія,0,122
Hotel Dominican Luxury,8.0,8.6,За такі гроші - просто чудово! Комфортне ліжко та якісна постільна білизна. Працівники готелю завжди готові допомогти. Інтернет був повільним.,2025-05-05,May,2025,дуже позитивний,Сім'я,Чехія,19,142
Hotel Dominican Luxury,8.0,8.3,Відмінне співвідношення ціни та якості. Сніданок перевершив всі очікування! Деякі елементи інтер'єру потребують оновлення.,2025-06-07,June,2025,позитивний,Пара,Німеччина,10,122
Hotel Dominican Luxury,8.0,8.4,Номер був ідеально чистим. Персонал дуже привітний та допоміг з усіма питаннями. Вартість проживання адекватна.,2025-06-29,June,2025,позитивний,Друзі,Німеччина,0,111
Hotel Dominican Luxury,8.0,8.8,Все основні пам'ятки в пішій доступності. Сучасний ремонт та зручні меблі. Ціна повністю відповідає якості.,2024-10-24,October,2024,дуже позитивний,Бізнес,Франція,0,107
Lodge Ratusha,9.1,8.6,Вартість проживання адекватна. Персонал дуже привітний та допоміг з усіма питаннями. Інтернет був повільним.,2025-01-27,January,2025,дуже позитивний,Бізнес,Україна,0,108
Lodge Ratusha,9.1,8.3,Сніданки смачні та різноманітні. Обслуговування на найвищому рівні! Чудове розташування в самому серці Львова! Звукоізоляція могла б бути кращою.,2025-07-15,July,2025,позитивний,Друзі,Канада,0,145
Lodge Ratusha,9.1,8.9,Працівники готелю завжди готові допомогти. Комфортне ліжко та якісна постільна білизна. Ціна повністю відповідає якості. Складно знайти місце для паркування.,2024-11-30,November,2024,дуже позитивний,Друзі,Німеччина,0,157
Lodge Ratusha,9.1,7.5,Сніданок перевершив всі очікування! Все основні пам'ятки в пішій доступності.,2025-02-03,February,2025,нейтральний,Друзі,Німеччина,13,77
Lodge Ratusha,9.1,8.3,"Чудовий вибір страв на сніданок. Зручне розташування, поруч багато кафе та ресторанів. Номер був ідеально чистим.",2024-10-29,October,2024,позитивний,Пара,Чехія,0,113
Lodge Ratusha,9.1,10.0,Працівники готелю завжди готові допомогти. Відмінне співвідношення ціни та якості.,2024-07-29,July,2024,дуже позитивний,Пара,Канада,0,82
Lodge Ratusha,9.1,8.8,Сніданки смачні та різноманітні. Ідеальне місце для прогулянок історичним центром. Інтернет був повільним.,2025-04-23,April,2025,дуже позитивний,Пара,Німеччина,0,106
Lodge Ratusha,9.1,9.3,Вартість проживання адекватна. Чудове розташування в самому серці Львова! Номер був ідеально чистим.,2024-11-29,November,2024,дуже позитивний,Пара,Німеччина,0,100
Plaza Opera Comfort,7.8,8.0,Ідеальне місце для прогулянок історичним центром. Професійний та уважний персонал. Парковка дорога.,2024-08-25,August,2024,позитивний,Бізнес,Україна,0,99
Plaza Opera Comfort,7.8,8.1,"Номер був ідеально чистим. Працівники готелю завжди готові допомогти. Зручне розташування, поруч багато кафе та ресторанів.",2025-01-03,January,2025,позитивний,Бізнес,Польща,0,123
Plaza Opera Comfort,7.8,7.2,"Зручне розташування, поруч багато кафе та ресторанів. Номер був ідеально чистим. За такі гроші - просто чудово! Чудовий вибір страв на сніданок.",2025-05-18,May,2025,нейтральний,Пара,США,0,144
Plaza Opera Comfort,7.8,6.9,,2025-05-11,May,2025,нейтральний,Сім'я,Канада,0,0
Plaza Opera Comfort,7.8,8.5,Сніданок перевершив всі очікування! Номер просторий та чистий. Відмінне співвідношення ціни та якості. Звукоізоляція могла б бути кращою.,2025-03-25,March,2025,дуже позитивний,Друзі,Австрія,0,137
Plaza Opera Comfort,7.8,8.0,Ціна повністю відповідає якості. Номер був ідеально чистим. Парковка платна та не завжди є місця. Меблі трохи застарілі.,2025-03-01,March,2025,позитивний,Соло,Великобританія,15,120
Plaza Opera Comfort,7.8,7.9,Ціна повністю відповідає якості. Сніданок перевершив всі очікування!,2024-12-01,December,2024,позитивний,Пара,Чехія,1,68
Plaza Opera Comfort,7.8,8.8,"Обслуговування на найвищому рівні! За такі гроші - просто чудово! Зручне розташування, поруч багато кафе та ресторанів. Wi-Fi в номері слабкий.",2025-02-02,February,2025,дуже позитивний,Бізнес,Канада,0,143
Boutique Jesuit,8.1,7.2,Професійний та уважний персонал. Відмінне співвідношення ціни та якості. Номер просторий та чистий. Wi-Fi в номері слабкий.,2025-02-10,February,2025,нейтральний,Сім'я,Польща,0,123
Boutique Jesuit,8.1,7.4,Чудовий вибір страв на сніданок. За такі гроші - просто чудово! Все основні пам'ятки в пішій доступності. Професійний та уважний персонал. Чути було шум з вулиці.,2024-08-04,August,2024,нейтральний,Друзі,Австрія,0,162
Boutique Jesuit,8.1,9.2,"Обслуговування на найвищому рівні! Зручне розташування, поруч багато кафе та ресторанів. Чудовий вибір страв на сніданок. Комфортне ліжко та якісна постільна білизна.",2025-04-22,April,2025,дуже позитивний,Сім'я,Канада,0,166
Boutique Jesuit,8.1,9.0,Ціна повністю відповідає якості. Обслуговування на найвищому рівні!,2024-08-27,August,2024,дуже позитивний,Бізнес,США,0,67
Boutique Jesuit,8.1,9.2,Все основні пам'ятки в пішій доступності. Обслуговування на найвищому рівні! Номер просторий та чистий. За такі гроші - просто чудово!,2024-08-07,August,2024,дуже позитивний,Бізнес,Італія,0,134
Boutique Jesuit,8.1,7.6,Чудове розташування в самому серці Львова! Сучасний ремонт та зручні меблі. Сніданок перевершив всі очікування! За такі гроші - просто чудово!,2024-10-21,October,2024,позитивний,Сім'я,Австрія,0,142
Boutique Jesuit,8.1,10.0,"За такі гроші - просто чудово! Зручне розташування, поруч багато кафе та ресторанів. Номер був ідеально чистим. Сніданок перевершив всі очікування!",2025-05-18,May,2025,дуже позитивний,Пара,США,11,147
Boutique Jesuit,8.1,9.4,"Чудовий вибір страв на сніданок. Зручне розташування, поруч багато кафе та ресторанів. Ціна повністю відповідає якості. Сучасний ремонт та зручні меблі.",2024-12-28,December,2024,дуже позитивний,Пара,Німеччина,0,152
Plaza Prospekt Premium,8.3,6.5,Інтернет був повільним.,2025-03-16,March,2025,негативний,Бізнес,Великобританія,0,23
Plaza Prospekt Premium,8.3,8.6,Комфортне ліжко та якісна постільна білизна. Чудовий вибір страв на сніданок.,2025-04-04,April,2025,дуже позитивний,Пара,Німеччина,0,77
Plaza Prospekt Premium,8.3,7.6,"Працівники готелю завжди готові допомогти. Сніданки смачні та різноманітні. Комфортне ліжко та якісна постільна білизна. Зручне розташування, поруч багато кафе та ресторанів. Меблі трохи застарілі. Інтернет був повільним.",2025-01-20,January,2025,позитивний,Бізнес,США,0,221
Plaza Prospekt Premium,8.3,8.6,Чудовий вибір страв на сніданок. Ідеальне місце для прогулянок історичним центром. Комфортне ліжко та якісна постільна білизна.,2025-02-24,February,2025,дуже позитивний,Соло,Німеччина,0,127
Plaza Prospekt Premium,8.3,8.6,Все основні пам'ятки в пішій доступності. Відмінне співвідношення ціни та якості. Персонал дуже привітний та допоміг з усіма питаннями. Wi-Fi іноді працював нестабільно.,2025-05-07,May,2025,дуже позитивний,Сім'я,США,3,169
Plaza Prospekt Premium,8.3,8.5,Вартість проживання адекватна. Професійний та уважний персонал.,2025-01-14,January,2025,позитивний,Бізнес,Франція,10,63
Plaza Prospekt Premium,8.3,7.7,Працівники готелю завжди готові допомогти. Шведський стіл з великим вибором страв. Інтернет був повільним. Чути було шум з вулиці.,2025-04-29,April,2025,позитивний,Пара,Україна,0,130
Plaza Prospekt Premium,8.3,7.9,Все основні пам'ятки в пішій доступності. За такі гроші - просто чудово!,2025-04-18,April,2025,позитивний,Пара,Італія,0,72
Plaza Ratusha,8.3,6.8,,2025-04-30,April,2025,нейтральний,Соло,Франція,16,0
Plaza Ratusha,8.3,8.7,Номер був ідеально чистим. Чудовий вибір страв на сніданок. Професійний та уважний персонал. Wi-Fi іноді працював нестабільно.,2025-05-03,May,2025,дуже позитивний,Сім'я,Австрія,0,126
Plaza Ratusha,8.3,8.3,Відмінне співвідношення ціни та якості. Все основні пам'ятки в пішій доступності. Обслуговування на найвищому рівні! Комфортне ліжко та якісна постільна білизна. Чути було шум з вулиці.,2025-04-20,April,2025,позитивний,Соло,США,4,185
Plaza Ratusha,8.3,8.9,Обслуговування на найвищому рівні! Ціна повністю відповідає якості. Чудове розташування в самому серці Львова! Парковка платна та не завжди є місця.,2024-11-30,November,2024,дуже позитивний,Соло,Франція,0,148
Plaza Ratusha,8.3,9.2,Сніданок перевершив всі очікування! Номер просторий та чистий.,2024-12-19,December,2024,дуже позитивний,Друзі,Чехія,16,62
Plaza Ratusha,8.3,7.7,Шведський стіл з великим вибором страв. Обслуговування на найвищому рівні! Деякі елементи інтер'єру потребують оновлення. Wi-Fi іноді працював нестабільно.,2025-04-13,April,2025,позитивний,Сім'я,Україна,0,155
Plaza Ratusha,8.3,7.9,Ідеальне місце для прогулянок історичним центром. Сучасний ремонт та зручні меблі. Чудовий вибір страв на сніданок. Професійний та уважний персонал.,2025-03-14,March,2025,позитивний,Бізнес,Великобританія,0,148
Plaza Ratusha,8.3,9.3,Ідеальне місце для прогулянок історичним центром. Номер був ідеально чистим.,2025-04-05,April,2025,дуже позитивний,Пара,Великобританія,0,76
Hotel Knyazha View,9.5,8.9,Чудове розташування в самому серці Львова! Сучасний ремонт та зручні меблі.,2025-03-10,March,2025,дуже позитивний,Сім'я,Великобританія,0,75
Hotel Knyazha View,9.5,9.3,Комфортне ліжко та якісна постільна білизна. Працівники готелю завжди готові допомогти.,2024-10-17,October,2024,дуже позитивний,Сім'я,Великобританія,0,87
Hotel Knyazha View,9.5,8.0,Все основні пам'ятки в пішій доступності. Сніданки смачні та різноманітні. Ціна повністю відповідає якості. Комфортне ліжко та якісна постільна білизна.,2024-12-09,December,2024,позитивний,Друзі,Великобританія,19,152
Hotel Knyazha View,9.5,9.5,Номер просторий та чистий. Обслуговування на найвищому рівні! Сніданок перевершив всі очікування! Ідеальне місце для прогулянок історичним центром.,2025-06-30,June,2025,дуже позитивний,Друзі,Австрія,0,147
Hotel Knyazha View,9.5,10.0,За такі гроші - просто чудово! Працівники готелю завжди готові допомогти.,2025-04-09,April,2025,дуже позитивний,Соло,Німеччина,0,73
Hotel Knyazha View,9.5,10.0,Сніданок перевершив всі очікування! Працівники готелю завжди готові допомогти. Відмінне співвідношення ціни та якості.,2025-05-05,May,2025,дуже позитивний,Бізнес,Австрія,0,118
Hotel Knyazha View,9.5,9.7,"Зручне розташування, поруч багато кафе та ресторанів. Персонал дуже привітний та допоміг з усіма питаннями.",2024-09-17,September,2024,дуже позитивний,Друзі,Італія,0,107
Hotel Knyazha View,9.5,9.1,Ідеальне місце для прогулянок історичним центром. За такі гроші - просто чудово! Комфортне ліжко та якісна постільна білизна.,2025-01-26,January,2025,дуже позитивний,Сім'я,Італія,0,125
Grand Ratusha Heritage,7.5,7.3,Чудове розташування в самому серці Львова! Шведський стіл з великим вибором страв.,2025-01-27,January,2025,нейтральний,Сім'я,Німеччина,0,82
Grand Ratusha Heritage,7.5,7.6,Комфортне ліжко та якісна постільна білизна. Ідеальне місце для прогулянок історичним центром. За такі гроші - просто чудово! Меблі трохи застарілі. Чути було шум з вулиці.,2025-03-13,March,2025,позитивний,Пара,Україна,0,172
Grand Ratusha Heritage,7.5,8.0,Ціна повністю відповідає якості. Сучасний ремонт та зручні меблі. Wi-Fi в номері слабкий.,2025-03-14,March,2025,позитивний,Пара,Чехія,0,89
Grand Ratusha Heritage,7.5,7.9,Чудове розташування в самому серці Львова! Сучасний ремонт та зручні меблі. Меблі трохи застарілі. Інтернет був повільним.,2024-11-22,November,2024,позитивний,Бізнес,США,0,122
Grand Ratusha Heritage,7.5,6.3,,2024-11-06,November,2024,негативний,Соло,Італія,0,0
Grand Ratusha Heritage,7.5,8.5,Номер просторий та чистий. Сніданок перевершив всі очікування! Wi-Fi в номері слабкий.,2025-02-20,February,2025,позитивний,Пара,Австрія,0,86
Grand Ratusha Heritage,7.5,7.6,Сучасний ремонт та зручні меблі. Ідеальне місце для прогулянок історичним центром. Шведський стіл з великим вибором страв. За такі гроші - просто чудово! Wi-Fi іноді працював нестабільно. Парковка дорога.,2024-10-28,October,2024,позитивний,Друзі,Великобританія,0,204
Grand Ratusha Heritage,7.5,8.3,Сніданок перевершив всі очікування! Обслуговування на найвищому рівні! Інтернет був повільним.,2024-11-26,November,2024,позитивний,Бізнес,Чехія,0,94
Residence Svoboda,7.8,7.6,"За такі гроші - просто чудово! Номер просторий та чистий. Зручне розташування, поруч багато кафе та ресторанів. Ванна кімната потребує ремонту.",2025-07-14,July,2025,позитивний,Друзі,Польща,0,143
Residence Svoboda,7.8,8.9,Все основні пам'ятки в пішій доступності. Комфортне ліжко та якісна постільна білизна. За такі гроші - просто чудово! Сніданок перевершив всі очікування!,2024-07-23,July,2024,дуже позитивний,Соло,Австрія,0,153
Residence Svoboda,7.8,7.1,Все основні пам'ятки в пішій доступності. Ціна повністю відповідає якості. Працівники готелю завжди готові допомогти. Парковка дорога.,2025-07-12,July,2025,нейтральний,Бізнес,Чехія,8,134
Residence Svoboda,7.8,8.3,Працівники готелю завжди готові допомогти. Сніданки смачні та різноманітні. За такі гроші - просто чудово! Інтернет був повільним.,2025-05-10,May,2025,позитивний,Соло,Канада,0,130
Residence Svoboda,7.8,8.3,Персонал дуже привітний та допоміг з усіма питаннями. Ідеальне місце для прогулянок історичним центром. Ціна повністю відповідає якості. Складно знайти місце для паркування.,2024-08-20,August,2024,позитивний,Пара,Польща,0,173
Residence Svoboda,7.8,8.3,Обслуговування на найвищому рівні! Номер просторий та чистий. Чути було шум з вулиці.,2025-02-14,February,2025,позитивний,Бізнес,Італія,0,85
Residence Svoboda,7.8,7.6,Професійний та уважний персонал. За такі гроші - просто чудово! Сніданок перевершив всі очікування! Меблі трохи застарілі. Звукоізоляція могла б бути кращою.,2025-05-24,May,2025,позитивний,Друзі,Італія,2,157
Residence Svoboda,7.8,8.6,Ціна повністю відповідає якості. Працівники готелю завжди готові допомогти. Деякі елементи інтер'єру потребують оновлення.,2024-09-10,September,2024,дуже позитивний,Пара,Польща,2,122
Boutique Cathedral Heritage,9.5,9.0,Професійний та уважний персонал. Ідеальне місце для прогулянок історичним центром. За такі гроші - просто чудово! Номер просторий та чистий.,2024-10-30,October,2024,дуже позитивний,Соло,Франція,0,140
Boutique Cathedral Heritage,9.5,9.0,Сучасний ремонт та зручні меблі. Працівники готелю завжди готові допомогти.,2025-07-18,July,2025,дуже позитивний,Сім'я,Великобританія,0,75
Boutique Cathedral Heritage,9.5,9.3,"Зручне розташування, поруч багато кафе та ресторанів. За такі гроші - просто чудово! Сучасний ремонт та зручні меблі. Працівники готелю завжди готові допомогти.",2025-05-16,May,2025,дуже позитивний,Пара,Канада,5,160
Boutique Cathedral Heritage,9.5,9.5,Вартість проживання адекватна. Шведський стіл з великим вибором страв. Ідеальне місце для прогулянок історичним центром.,2024-10-05,October,2024,дуже позитивний,Друзі,Україна,0,120
Boutique Cathedral Heritage,9.5,9.3,Номер просторий та чистий. Відмінне співвідношення ціни та якості. Професійний та уважний персонал.,2025-03-13,March,2025,дуже позитивний,Друзі,Австрія,0,99
Boutique Cathedral Heritage,9.5,10.0,Комфортне ліжко та якісна постільна білизна. Сніданки смачні та різноманітні. Вартість проживання адекватна.,2024-12-03,December,2024,дуже позитивний,Друзі,Канада,0,108
Boutique Cathedral Heritage,9.5,7.4,"Зручне розташування, поруч багато кафе та ресторанів. Сніданок перевершив всі очікування! Працівники готелю завжди готові допомогти. Wi-Fi в номері слабкий. Деякі елементи інтер'єру потребують оновлення.",2025-03-24,March,2025,нейтральний,Соло,Франція,18,203
Boutique Cathedral Heritage,9.5,9.3,Сніданки смачні та різноманітні. Працівники готелю завжди готові допомогти. Чудове розташування в самому серці Львова! Відмінне співвідношення ціни та якості.,2025-02-05,February,2025,дуже позитивний,Бізнес,Україна,0,158
Boutique Knyazha Premium,8.6,8.7,Комфортне ліжко та якісна постільна білизна. Все основні пам'ятки в пішій доступності. Сніданок перевершив всі очікування! Відмінне співвідношення ціни та якості.,2025-04-30,April,2025,дуже позитивний,Пара,Німеччина,0,162
Boutique Knyazha Premium,8.6,9.5,Все основні пам'ятки в пішій доступності. Вартість проживання адекватна.,2024-10-15,October,2024,дуже позитивний,Бізнес,Канада,0,72
Boutique Knyazha Premium,8.6,9.5,Ідеальне місце для прогулянок історичним центром. Комфортне ліжко та якісна постільна білизна. Шведський стіл з великим вибором страв.,2025-04-20,April,2025,дуже позитивний,Соло,Австрія,7,134
Boutique Knyazha Premium,8.6,8.9,Відмінне співвідношення ціни та якості. Все основні пам'ятки в пішій доступності. Комфортне ліжко та якісна постільна білизна. Персонал дуже привітний та допоміг з усіма питаннями. Інтернет був повільним.,2024-08-13,August,2024,дуже позитивний,Бізнес,Австрія,0,204
Boutique Knyazha Premium,8.6,9.2,Комфортне ліжко та якісна постільна білизна. Шведський стіл з великим вибором страв.,2025-01-11,January,2025,дуже позитивний,Друзі,Великобританія,0,84
Boutique Knyazha Premium,8.6,9.7,Сніданок перевершив всі очікування! Працівники готелю завжди готові допомогти.,2025-05-14,May,2025,дуже позитивний,Соло,Італія,0,78
Boutique Knyazha Premium,8.6,7.8,Обслуговування на найвищому рівні! Сніданок перевершив всі очікування! Комфортне ліжко та якісна постільна білизна. Ціна повністю відповідає якості.,2024-08-18,August,2024,позитивний,Друзі,Великобританія,0,148
Boutique Knyazha Premium,8.6,8.8,Відмінне співвідношення ціни та якості. Сучасний ремонт та зручні меблі.,2024-09-23,September,2024,дуже позитивний,Бізнес,Канада,0,72
Lodge Cathedral Comfort,8.4,7.5,Працівники готелю завжди готові допомогти. Ціна повністю відповідає якості. Номер просторий та чистий.,2025-03-28,March,2025,позитивний,Бізнес,Італія,0,102
Lodge Cathedral Comfort,8.4,8.2,Номер був ідеально чистим. Професійний та уважний персонал.,2025-01-03,January,2025,позитивний,Сім'я,США,0,59
Lodge Cathedral Comfort,8.4,7.4,"Зручне розташування, поруч багато кафе та ресторанів. Номер був ідеально чистим. Деякі елементи інтер'єру потребують оновлення.",2025-05-31,May,2025,нейтральний,Соло,Німеччина,0,127
Lodge Cathedral Comfort,8.4,8.7,За такі гроші - просто чудово! Номер просторий та чистий. Сніданки смачні та різноманітні.,2024-11-10,November,2024,дуже позитивний,Соло,США,0,90
Lodge Cathedral Comfort,8.4,10.0,"Зручне розташування, поруч багато кафе та ресторанів. Комфортне ліжко та якісна постільна білизна.",2024-09-21,September,2024,дуже позитивний,Сім'я,Чехія,0,98
Lodge Cathedral Comfort,8.4,7.9,Сніданок перевершив всі очікування! Вартість проживання адекватна. Комфортне ліжко та якісна постільна білизна. Все основні пам'ятки в пішій доступності. Парковка дорога.,2024-10-09,October,2024,позитивний,Бізнес,Німеччина,0,170
Lodge Cathedral Comfort,8.4,7.4,Ціна повністю відповідає якості. Шведський стіл з великим вибором страв. Сучасний ремонт та зручні меблі. Професійний та уважний персонал. Ванна кімната потребує ремонту. Парковка дорога.,2025-01-14,January,2025,нейтральний,Пара,Італія,1,187
Lodge Cathedral Comfort,8.4,7.5,Професійний та уважний персонал. Чудовий вибір страв на сніданок. Комфортне ліжко та якісна постільна білизна. Ціна повністю відповідає якості.,2024-09-02,September,2024,нейтральний,Друзі,Канада,0,143
House Ploshcha View,7.8,8.5,"Працівники готелю завжди готові допомогти. Чудовий вибір страв на сніданок. Відмінне співвідношення ціни та якості. Зручне розташування, поруч багато кафе та ресторанів.",2024-11-25,November,2024,дуже позитивний,Соло,Великобританія,0,169
House Ploshcha View,7.8,8.7,"Сучасний ремонт та зручні меблі. Сніданки смачні та різноманітні. Зручне розташування, поруч багато кафе та ресторанів. Ціна повністю відповідає якості. Трохи шумно вночі через центральне розташування.",2025-05-13,May,2025,дуже позитивний,Друзі,Німеччина,0,201
House Ploshcha View,7.8,8.2,Відмінне співвідношення ціни та якості. Шведський стіл з великим вибором страв. Чути було шум з вулиці.,2025-01-17,January,2025,позитивний,Бізнес,Німеччина,0,103
House Ploshcha View,7.8,9.4,"Сучасний ремонт та зручні меблі. Зручне розташування, поруч багато кафе та ресторанів. Ціна повністю відповідає якості. Чудовий вибір страв на сніданок.",2024-12-19,December,2024,дуже позитивний,Друзі,Австрія,0,152
House Ploshcha View,7.8,7.9,Відмінне співвідношення ціни та якості. Сучасний ремонт та зручні меблі. Шведський стіл з великим вибором страв. Ідеальне місце для прогулянок історичним центром.,2024-10-21,October,2024,позитивний,Пара,Польща,0,162
House Ploshcha View,7.8,7.0,,2024-08-09,August,2024,нейтральний,Сім'я,Італія,0,0
House Ploshcha View,7.8,8.8,Обслуговування на найвищому рівні! Шведський стіл з великим вибором страв. Номер був ідеально чистим. Парковка платна та не завжди є місця.,2025-06-22,June,2025,дуже позитивний,Соло,Німеччина,4,139
House Ploshcha View,7.8,7.5,Все основні пам'ятки в пішій доступності. Обслуговування на найвищому рівні! Ціна повністю відповідає якості. Звукоізоляція могла б бути кращою. Ванна кімната потребує ремонту.,2024-09-10,September,2024,нейтральний,Соло,Чехія,0,176
Residence Old Town Heritage,8.6,9.3,Сучасний ремонт та зручні меблі. Обслуговування на найвищому рівні!,2025-07-17,July,2025,дуже позитивний,Друзі,Польща,0,67
Residence Old Town Heritage,8.6,9.0,Сніданок перевершив всі очікування! Комфортне ліжко та якісна постільна білизна. Чудове розташування в самому серці Львова!,2024-11-27,November,2024,дуже позитивний,Соло,Австрія,0,123
Residence Old Town Heritage,8.6,9.3,Все основні пам'ятки в пішій доступності. Сучасний ремонт та зручні меблі. Обслуговування на найвищому рівні!,2025-07-15,July,2025,дуже позитивний,Бізнес,США,0,109
Residence Old Town Heritage,8.6,8.9,Чудовий вибір страв на сніданок. Вартість проживання адекватна. Номер був ідеально чистим. Працівники готелю завжди готові допомогти. Wi-Fi іноді працював нестабільно.,2024-11-03,November,2024,дуже позитивний,Бізнес,США,0,167
Residence Old Town Heritage,8.6,8.9,Працівники готелю завжди готові допомогти. Сучасний ремонт та зручні меблі. Сніданки смачні та різноманітні. Відмінне співвідношення ціни та якості. Парковка дорога.,2025-05-26,May,2025,дуже позитивний,Друзі,Австрія,0,165
Residence Old Town Heritage,8.6,8.0,Чудовий вибір страв на сніданок. За такі гроші - просто чудово! Парковка дорога.,2025-04-03,April,2025,позитивний,Соло,Чехія,17,80
Residence Old Town Heritage,8.6,8.6,Ціна повністю відповідає якості. Сніданки смачні та різноманітні. Номер просторий та чистий.,2025-02-08,February,2025,дуже позитивний,Друзі,Австрія,0,92
Residence Old Town Heritage,8.6,8.7,Працівники готелю завжди готові допомогти. Все основні пам'ятки в пішій доступності. Меблі трохи застарілі.,2025-04-08,April,2025,дуже позитивний,Пара,Австрія,0,107
Inn Prospekt Luxury,8.9,8.6,Працівники готелю завжди готові допомогти. Сучасний ремонт та зручні меблі.,2025-01-02,January,2025,дуже позитивний,Соло,Україна,0,75
Inn Prospekt Luxury,8.9,9.2,Номер був ідеально чистим. Працівники готелю завжди готові допомогти.,2025-01-30,January,2025,дуже позитивний,Соло,Франція,0,69
Inn Prospekt Luxury,8.9,7.4,Персонал дуже привітний та допоміг з усіма питаннями. Комфортне ліжко та якісна постільна білизна. Ідеальне місце для прогулянок історичним центром. Деякі елементи інтер'єру потребують оновлення. Трохи шумно вночі через центральне розташування.,2025-07-16,July,2025,нейтральний,Бізнес,Німеччина,0,244
Inn Prospekt Luxury,8.9,10.0,Комфортне ліжко та якісна постільна білизна. Ідеальне місце для прогулянок історичним центром. Шведський стіл з великим вибором страв. Професійний та уважний персонал.,2025-05-08,May,2025,дуже позитивний,Бізнес,Україна,0,167
Inn Prospekt Luxury,8.9,8.4,Ідеальне місце для прогулянок історичним центром. Сучасний ремонт та зручні меблі. Обслуговування на найвищому рівні!,2025-04-01,April,2025,позитивний,Соло,Польща,0,117
Inn Prospekt Luxury,8.9,9.0,Сніданок перевершив всі очікування! Персонал дуже привітний та допоміг з усіма питаннями.,2025-02-10,February,2025,дуже позитивний,Бізнес,Канада,0,89
Inn Prospekt Luxury,8.9,8.1,Відмінне співвідношення ціни та якості. Шведський стіл з великим вибором страв. Ідеальне місце для прогулянок історичним центром. Працівники готелю завжди готові допомогти.,2024-09-06,September,2024,позитивний,Бізнес,Великобританія,0,172
Inn Prospekt Luxury,8.9,7.6,Ціна повністю відповідає якості. Персонал дуже привітний та допоміг з усіма питаннями.,2025-03-28,March,2025,позитивний,Друзі,США,0,86
House Ploshcha Heritage,9.5,8.5,Сучасний ремонт та зручні меблі. За такі гроші - просто чудово! Ідеальне місце для прогулянок історичним центром. Wi-Fi іноді працював нестабільно.,2025-06-04,June,2025,позитивний,Сім'я,Чехія,0,147
House Ploshcha Heritage,9.5,9.3,Відмінне співвідношення ціни та якості. Все основні пам'ятки в пішій доступності.,2025-03-04,March,2025,дуже позитивний,Сім'я,Франція,0,81
House Ploshcha Heritage,9.5,8.9,За такі гроші - просто чудово! Все основні пам'ятки в пішій доступності. Чути було шум з вулиці.,2025-04-02,April,2025,дуже позитивний,Друзі,Канада,18,96
House Ploshcha Heritage,9.5,10.0,Номер був ідеально чистим. Ідеальне місце для прогулянок історичним центром. Відмінне співвідношення ціни та якості. Сніданок перевершив всі очікування!,2025-05-07,May,2025,дуже позитивний,Соло,Канада,8,152
House Ploshcha Heritage,9.5,9.7,"Зручне розташування, поруч багато кафе та ресторанів. За такі гроші - просто чудово!",2024-09-07,September,2024,дуже позитивний,Пара,Німеччина,0,84
House Ploshcha Heritage,9.5,8.6,Чудовий вибір страв на сніданок. Ціна повністю відповідає якості. Все основні пам'ятки в пішій доступності. Wi-Fi в номері слабкий.,2025-06-24,June,2025,дуже позитивний,Сім'я,Канада,9,131
House Ploshcha Heritage,9.5,9.2,Обслуговування на найвищому рівні! Сніданок перевершив всі очікування!,2024-08-20,August,2024,дуже позитивний,Бізнес,Італія,0,70
House Ploshcha Heritage,9.5,10.0,Сніданок перевершив всі очікування! Номер просторий та чистий. За такі гроші - просто чудово!,2025-03-31,March,2025,дуже позитивний,Бізнес,Німеччина,0,93
Suite Knyazha View,8.2,7.4,Номер був ідеально чистим. Ціна повністю відповідає якості. Персонал дуже привітний та допоміг з усіма питаннями. Все основні пам'ятки в пішій доступності.,2024-11-21,November,2024,нейтральний,Сім'я,Канада,0,155
Suite Knyazha View,8.2,8.4,Ціна повністю відповідає якості. Все основні пам'ятки в пішій доступності. Комфортне ліжко та якісна постільна білизна. Обслуговування на найвищому рівні! Меблі трохи застарілі.,2024-09-09,September,2024,позитивний,Пара,Канада,0,177
Suite Knyazha View,8.2,8.6,"Зручне розташування, поруч багато кафе та ресторанів. Професійний та уважний персонал. Сніданок перевершив всі очікування! Парковка платна та не завжди є місця.",2025-02-13,February,2025,дуже позитивний,Бізнес,Великобританія,0,160
Suite Knyazha View,8.2,7.0,Чудовий вибір страв на сніданок. Відмінне співвідношення ціни та якості.,2024-10-20,October,2024,нейтральний,Пара,Італія,0,72
Suite Knyazha View,8.2,8.5,Комфортне ліжко та якісна постільна білизна. Працівники готелю завжди готові допомогти. Чудове розташування в самому серці Львова! Сніданки смачні та різноманітні. Парковка дорога.,2025-03-05,March,2025,дуже позитивний,Соло,Франція,0,180
Suite Knyazha View,8.2,7.4,Працівники готелю завжди готові допомогти. Номер просторий та чистий. Ідеальне місце для прогулянок історичним центром. Звукоізоляція могла б бути кращою. Складно знайти місце для паркування.,2025-01-13,January,2025,нейтральний,Пара,Австрія,0,191
Suite Knyazha View,8.2,7.2,Все основні пам'ятки в пішій доступності. Сніданок перевершив всі очікування!,2025-02-12,February,2025,нейтральний,Пара,Італія,11,77
Suite Knyazha View,8.2,9.0,"Зручне розташування, поруч багато кафе та ресторанів. Шведський стіл з великим вибором страв. Інтернет був повільним.",2024-12-28,December,2024,дуже позитивний,Друзі,Україна,15,117
Residence Galicia Luxury,8.8,8.4,Все основні пам'ятки в пішій доступності. Ціна повністю відповідає якості. Парковка дорога.,2024-08-01,August,2024,позитивний,Бізнес,Україна,0,91
Residence Galicia Luxury,8.8,9.1,Шведський стіл з великим вибором страв. Ціна повністю відповідає якості. Обслуговування на найвищому рівні! Сучасний ремонт та зручні меблі.,2025-02-05,February,2025,дуже позитивний,Бізнес,Польща,0,140
Residence Galicia Luxury,8.8,9.2,Ціна повністю відповідає якості. Все основні пам'ятки в пішій доступності. Сніданок перевершив всі очікування! Професійний та уважний персонал.,2025-05-29,May,2025,дуже позитивний,Сім'я,Австрія,0,143
Residence Galicia Luxury,8.8,9.5,Чудове розташування в самому серці Львова! Працівники готелю завжди готові допомогти. Чудовий вибір страв на сніданок. Номер просторий та чистий.,2024-12-20,December,2024,дуже позитивний,Друзі,Франція,0,145
Residence Galicia Luxury,8.8,7.4,Обслуговування на найвищому рівні! За такі гроші - просто чудово! Звукоізоляція могла б бути кращою. Парковка дорога.,2024-08-18,August,2024,нейтральний,Соло,Франція,0,117
Residence Galicia Luxury,8.8,9.8,"Ціна повністю відповідає якості. Працівники готелю завжди готові допомогти. Номер був ідеально чистим. Зручне розташування, поруч багато кафе та ресторанів.",2024-07-25,July,2024,дуже позитивний,Пара,Великобританія,0,156
Residence Galicia Luxury,8.8,9.1,Сніданки смачні та різноманітні. Обслуговування на найвищому рівні! За такі гроші - просто чудово! Чудове розташування в самому серці Львова!,2025-06-04,June,2025,дуже позитивний,Пара,Польща,0,141
Residence Galicia Luxury,8.8,8.2,Ідеальне місце для прогулянок історичним центром. Сніданки смачні та різноманітні. Номер був ідеально чистим. Wi-Fi іноді працював нестабільно.,2024-12-10,December,2024,позитивний,Бізнес,Австрія,13,143
Hotel Prospekt,8.7,9.5,Номер був ідеально чистим. Відмінне співвідношення ціни та якості. Персонал дуже привітний та допоміг з усіма питаннями. Ідеальне місце для прогулянок історичним центром.,2025-01-31,January,2025,дуже позитивний,Бізнес,Польща,0,170
Hotel Prospekt,8.7,6.9,,2024-12-06,December,2024,нейтральний,Пара,Чехія,19,0
Hotel Prospekt,8.7,7.8,Номер просторий та чистий. Сніданок перевершив всі очікування! Працівники готелю завжди готові допомогти. Інтернет був повільним. Звукоізоляція могла б бути кращою.,2025-05-16,May,2025,позитивний,Сім'я,Польща,0,164
Hotel Prospekt,8.7,8.4,Ідеальне місце для прогулянок історичним центром. Номер просторий та чистий. Обслуговування на найвищому рівні!,2025-05-15,May,2025,позитивний,Пара,Франція,0,111
Hotel Prospekt,8.7,7.3,Ідеальне місце для прогулянок історичним центром. Номер був ідеально чистим.,2025-02-18,February,2025,нейтральний,Сім'я,Чехія,18,76
Hotel Prospekt,8.7,9.9,Персонал дуже привітний та допоміг з усіма питаннями. Чудове розташування в самому серці Львова! Сучасний ремонт та зручні меблі.,2025-01-20,January,2025,дуже позитивний,Друзі,Канада,4,129
Hotel Prospekt,8.7,9.2,Професійний та уважний персонал. Сніданки смачні та різноманітні. За такі гроші - просто чудово! Чудове розташування в самому серці Львова!,2025-03-18,March,2025,дуже позитивний,Соло,Італія,11,139
Hotel Prospekt,8.7,10.0,"Зручне розташування, поруч багато кафе та ресторанів. Сучасний ремонт та зручні меблі. Сніданок перевершив всі очікування! Працівники готелю завжди готові допомогти.",2025-05-23,May,2025,дуже позитивний,Друзі,Італія,0,165
Palace Old Town,7.8,8.0,"Сніданки смачні та різноманітні. Зручне розташування, поруч багато кафе та ресторанів. Комфортне ліжко та якісна постільна білизна. Вартість проживання адекватна.",2024-07-29,July,2024,позитивний,Друзі,Німеччина,6,162
Palace Old Town,7.8,7.0,Інтернет був повільним. Трохи шумно вночі через центральне розташування.,2025-06-03,June,2025,нейтральний,Сім'я,Канада,0,72
Palace Old Town,7.8,6.5,,2024-09-02,September,2024,нейтральний,Сім'я,Австрія,0,0
Palace Old Town,7.8,8.2,За такі гроші - просто чудово! Обслуговування на найвищому рівні! Сучасний ремонт та зручні меблі.,2024-08-04,August,2024,позитивний,Соло,Великобританія,0,98
Palace Old Town,7.8,7.2,Сніданки смачні та різноманітні. Номер просторий та чистий.,2025-06-27,June,2025,нейтральний,Соло,Великобританія,0,59
Palace Old Town,7.8,6.9,Wi-Fi іноді працював нестабільно. Чути було шум з вулиці.,2025-05-26,May,2025,нейтральний,Бізнес,Австрія,2,57
Palace Old Town,7.8,7.9,Обслуговування на найвищому рівні! Сніданок перевершив всі очікування! Вартість проживання адекватна.,2025-05-13,May,2025,позитивний,Сім'я,Італія,0,101
Palace Old Town,7.8,8.6,Працівники готелю завжди готові допомогти. Номер просторий та чистий. Чудове розташування в самому серці Львова! За такі гроші - просто чудово! Деякі елементи інтер'єру потребують оновлення.,2025-04-19,April,2025,дуже позитивний,Друзі,Чехія,0,190
Suite Galicia Classic,8.8,9.0,Чудове розташування в самому серці Львова! Комфортне ліжко та якісна постільна білизна.,2024-11-08,November,2024,дуже позитивний,Пара,Польща,0,87
Suite Galicia Classic,8.8,8.0,Ідеальне місце для прогулянок історичним центром. Шведський стіл з великим вибором страв. Вартість проживання адекватна. Обслуговування на найвищому рівні!,2025-06-17,June,2025,позитивний,Друзі,Франція,19,155
Suite Galicia Classic,8.8,8.0,Вартість проживання адекватна. Номер був ідеально чистим. Чудове розташування в самому серці Львова! Персонал дуже привітний та допоміг з усіма питаннями. Wi-Fi в номері слабкий.,2025-04-19,April,2025,позитивний,Сім'я,Франція,0,178
Suite Galicia Classic,8.8,9.2,Працівники готелю завжди готові допомогти. Все основні пам'ятки в пішій доступності. Номер був ідеально чистим. Відмінне співвідношення ціни та якості.,2024-08-02,August,2024,дуже позитивний,Бізнес,Франція,0,151
Suite Galicia Classic,8.8,8.6,Ідеальне місце для прогулянок історичним центром. Номер просторий та чистий. Обслуговування на найвищому рівні! Сніданок перевершив всі очікування! Інтернет був повільним.,2025-01-28,January,2025,дуже позитивний,Пара,Франція,0,171
Suite Galicia Classic,8.8,7.8,Чудовий вибір страв на сніданок. Працівники готелю завжди готові допомогти. Wi-Fi іноді працював нестабільно.,2024-11-23,November,2024,позитивний,Друзі,Німеччина,0,109
Suite Galicia Classic,8.8,9.2,Сніданок перевершив всі очікування! Номер був ідеально чистим. За такі гроші - просто чудово!,2025-06-11,June,2025,дуже позитивний,Друзі,Польща,0,93
Suite Galicia Classic,8.8,8.5,Номер просторий та чистий. Вартість проживання адекватна. Обслуговування на найвищому рівні! Чудове розташування в самому серці Львова! Парковка платна та не завжди є місця.,2024-10-21,October,2024,позитивний,Друзі,Німеччина,0,173
House Knyazha City,9.1,8.7,"Зручне розташування, поруч багато кафе та ресторанів. Професійний та уважний персонал. За такі гроші - просто чудово! Сніданки смачні та різноманітні. Складно знайти місце для паркування.",2025-04-01,April,2025,дуже позитивний,Сім'я,Канада,0,187
House Knyazha City,9.1,8.4,"Відмінне співвідношення ціни та якості. Номер просторий та чистий. Зручне розташування, поруч багато кафе та ресторанів. Працівники готелю завжди готові допомогти. Деякі елементи інтер'єру потребують оновлення.",2024-09-04,September,2024,позитивний,Сім'я,Німеччина,0,210
House Knyazha City,9.1,8.9,"Зручне розташування, поруч багато кафе та ресторанів. Працівники готелю завжди готові допомогти.",2024-09-07,September,2024,дуже позитивний,Бізнес,США,0,96
House Knyazha City,9.1,8.8,Персонал дуже привітний та допоміг з усіма питаннями. Ціна повністю відповідає якості. Номер просторий та чистий. Чудове розташування в самому серці Львова! Парковка платна та не завжди є місця.,2024-10-07,October,2024,дуже позитивний,Друзі,Польща,17,194
House Knyazha City,9.1,9.0,Шведський стіл з великим вибором страв. Працівники готелю завжди готові допомогти.,2024-12-04,December,2024,дуже позитивний,Сім'я,Чехія,0,82
House Knyazha City,9.1,10.0,Відмінне співвідношення ціни та якості. Все основні пам'ятки в пішій доступності. Обслуговування на найвищому рівні! Сніданки смачні та різноманітні.,2025-06-09,June,2025,дуже позитивний,Друзі,Австрія,0,149
House Knyazha City,9.1,10.0,"Сніданок перевершив всі очікування! Зручне розташування, поруч багато кафе та ресторанів. Комфортне ліжко та якісна постільна білизна. Обслуговування на найвищому рівні!",2024-10-13,October,2024,дуже позитивний,Бізнес,Франція,10,169
House Knyazha City,9.1,9.4,Шведський стіл з великим вибором страв. Вартість проживання адекватна. Ідеальне місце для прогулянок історичним центром. Обслуговування на найвищому рівні!,2025-02-03,February,2025,дуже позитивний,Пара,Канада,0,155
Grand Ploshcha,7.7,7.3,За такі гроші - просто чудово! Професійний та уважний персонал. Номер був ідеально чистим. Сніданки смачні та різноманітні.,2024-08-22,August,2024,нейтральний,Друзі,Австрія,0,123
Grand Ploshcha,7.7,8.9,"Зручне розташування, поруч багато кафе та ресторанів. Вартість проживання адекватна. Шведський стіл з великим вибором страв. Обслуговування на найвищому рівні!",2024-09-13,September,2024,дуже позитивний,Соло,Великобританія,0,159
Grand Ploshcha,7.7,8.5,Вартість проживання адекватна. Сніданок перевершив всі очікування! Комфортне ліжко та якісна постільна білизна. Wi-Fi іноді працював нестабільно.,2024-10-26,October,2024,позитивний,Пара,Чехія,0,145
Grand Ploshcha,7.7,7.6,"Номер був ідеально чистим. Зручне розташування, поруч багато кафе та ресторанів. Вартість проживання адекватна.",2025-07-10,July,2025,позитивний,Пара,США,0,111
Grand Ploshcha,7.7,6.7,,2024-08-02,August,2024,нейтральний,Бізнес,Франція,0,0
Grand Ploshcha,7.7,6.5,Парковка платна та не завжди є місця.,2025-05-10,May,2025,нейтральний,Бізнес,Франція,14,37
Grand Ploshcha,7.7,7.0,Вартість проживання адекватна. Ідеальне місце для прогулянок історичним центром.,2025-06-12,June,2025,нейтральний,Бізнес,Україна,10,80
Grand Ploshcha,7.7,7.5,Відмінне співвідношення ціни та якості. Все основні пам'ятки в пішій доступності. Працівники готелю завжди готові допомогти. Ванна кімната потребує ремонту.,2024-11-24,November,2024,позитивний,Друзі,Польща,0,156
Residence Virmenska View,7.7,7.0,За такі гроші - просто чудово! Сучасний ремонт та зручні меблі. Звукоізоляція могла б бути кращою. Меблі трохи застарілі.,2025-02-06,February,2025,нейтральний,Друзі,Італія,0,121
Residence Virmenska View,7.7,7.8,"Зручне розташування, поруч багато кафе та ресторанів. Сніданок перевершив всі очікування! Wi-Fi іноді працював нестабільно.",2025-06-26,June,2025,позитивний,Пара,Польща,0,123
Residence Virmenska View,7.7,7.8,Ідеальне місце для прогулянок історичним центром. За такі гроші - просто чудово! Номер просторий та чистий.,2025-04-28,April,2025,позитивний,Бізнес,Чехія,7,107
Residence Virmenska View,7.7,7.1,"Персонал дуже привітний та допоміг з усіма питаннями. Зручне розташування, поруч багато кафе та ресторанів. Вартість проживання адекватна. Номер просторий та чистий. Wi-Fi іноді працював нестабільно. Чути було шум з вулиці.",2025-04-08,April,2025,нейтральний,Друзі,Україна,0,223
Residence Virmenska View,7.7,9.3,Комфортне ліжко та якісна постільна білизна. Сніданок перевершив всі очікування! Чудове розташування в самому серці Львова!,2024-10-25,October,2024,дуже позитивний,Друзі,Великобританія,9,123
Residence Virmenska View,7.7,7.8,Персонал дуже привітний та допоміг з усіма питаннями. Номер був ідеально чистим. За такі гроші - просто чудово!,2025-07-09,July,2025,позитивний,Соло,Німеччина,0,111
Residence Virmenska View,7.7,8.3,Сніданок перевершив всі очікування! Сучасний ремонт та зручні меблі. Ціна повністю відповідає якості. Деякі елементи інтер'єру потребують оновлення.,2024-12-16,December,2024,позитивний,Бізнес,Австрія,10,148
Residence Virmenska View,7.7,9.0,Шведський стіл з великим вибором страв. Комфортне ліжко та якісна постільна білизна. За такі гроші - просто чудово!,2025-06-18,June,2025,дуже позитивний,Сім'я,Німеччина,0,115
Plaza Dominican Premium,8.8,8.4,Обслуговування на найвищому рівні! Комфортне ліжко та якісна постільна білизна. Ідеальне місце для прогулянок історичним центром. Інтернет був повільним.,2025-04-19,April,2025,позитивний,Сім'я,Чехія,0,153
Plaza Dominican Premium,8.8,9.0,Ідеальне місце для прогулянок історичним центром. Персонал дуже привітний та допоміг з усіма питаннями. Чудовий вибір страв на сніданок.,2024-09-28,September,2024,дуже позитивний,Друзі,Україна,16,136
Plaza Dominican Premium,8.8,9.7,Обслуговування на найвищому рівні! Ціна повністю відповідає якості.,2025-01-20,January,2025,дуже позитивний,Друзі,Франція,0,67
Plaza Dominican Premium,8.8,8.6,Ідеальне місце для прогулянок історичним центром. Номер був ідеально чистим. Ціна повністю відповідає якості. Обслуговування на найвищому рівні!,2025-04-18,April,2025,дуже позитивний,Сім'я,Австрія,0,144
Plaza Dominican Premium,8.8,8.1,Чудовий вибір страв на сніданок. Персонал дуже привітний та допоміг з усіма питаннями. Ціна повністю відповідає якості.,2025-01-09,January,2025,позитивний,Сім'я,Італія,1,119
Plaza Dominican Premium,8.8,9.5,Сніданки смачні та різноманітні. Відмінне співвідношення ціни та якості. Професійний та уважний персонал.,2025-01-08,January,2025,дуже позитивний,Бізнес,Франція,0,105
Plaza Dominican Premium,8.8,8.6,Відмінне співвідношення ціни та якості. Персонал дуже привітний та допоміг з усіма питаннями. Чудовий вибір страв на сніданок.,2024-11-16,November,2024,дуже позитивний,Соло,Великобританія,0,126
Plaza Dominican Premium,8.8,10.0,Шведський стіл з великим вибором страв. Номер був ідеально чистим.,2024-12-27,December,2024,дуже позитивний,Соло,Німеччина,9,66
